pdb_id,kingdom,n_points,total_length_A,min_inscribed_radius_A,min_arc_length_A,mean_inscribed_radius_A,median_inscribed_radius_A,max_inscribed_radius_A,run_dir
3J79,eukarya,237,117.55,0.188,2.96,2.451,2.378,5.213,/Users/rtviii/.npet2/runs/3J79/001_20260515_162145_4bf1e3f39155e113
3J7Z,bacteria,294,146.35,0.364,134.83,3.689,3.918,7.387,/Users/rtviii/.npet2/runs/3J7Z/002_20260515_162049_5ced399090ee4e04
3J9M,organellar,228,112.93,1.484,28.37,3.650,3.341,6.549,/Users/rtviii/.npet2/runs/3J9M/001_20260515_162313_79bddcf9931358fc
4UG0,eukarya,217,107.56,0.500,103.07,3.207,3.293,5.246,/Users/rtviii/.npet2/runs/4UG0/001_20260515_162255_8d161f9253dc9715
4V6U,archaea,263,130.37,1.423,121.89,3.292,3.290,5.304,/Users/rtviii/.npet2/runs/4V6U/001_20260515_162114_422b0c1217aa4309
4V7E,eukarya,144,71.23,1.147,40.84,2.950,2.923,5.177,/Users/rtviii/.npet2/runs/4V7E/001_20260515_162205_243be961df2b429f
4V9F,archaea,210,104.02,1.206,100.03,3.370,3.460,6.158,/Users/rtviii/.npet2/runs/4V9F/001_20260515_162054_87cada94983ca051
4Y4P,bacteria,224,110.92,0.894,103.95,3.941,4.290,6.743,/Users/rtviii/.npet2/runs/4Y4P/001_20260515_162009_bffaea9ab227b630
5AFI,bacteria,240,119.37,1.391,102.37,3.167,3.175,5.628,/Users/rtviii/.npet2/runs/5AFI/003_20260515_161912_182305f9541f95b5
5GAK,eukarya,214,106.45,1.200,1.02,3.144,3.115,4.809,/Users/rtviii/.npet2/runs/5GAK/001_20260515_162155_010398f170a0b2b6
5JVG,bacteria,251,124.93,1.500,0.00,3.684,3.925,5.684,/Users/rtviii/.npet2/runs/5JVG/001_20260515_161914_7200e3a289466e83
5MYJ,bacteria,248,123.12,1.581,0.00,3.435,3.528,5.163,/Users/rtviii/.npet2/runs/5MYJ/001_20260515_161913_c6adcf442fb99a39
5NJT,bacteria,231,114.79,1.251,108.29,3.432,3.505,5.611,/Users/rtviii/.npet2/runs/5NJT/001_20260515_161914_f89ccd55105e1d6f
5NRG,bacteria,230,114.32,1.535,11.02,4.091,4.499,6.112,/Users/rtviii/.npet2/runs/5NRG/001_20260515_162007_4b93ec5e6d717766
5NWY,bacteria,226,111.93,1.581,0.00,3.836,3.803,6.554,/Users/rtviii/.npet2/runs/5NWY/005_20260515_161617_c802483c8f4bf62f
5O60,bacteria,227,112.68,1.249,109.67,3.812,3.791,7.254,/Users/rtviii/.npet2/runs/5O60/001_20260515_162006_77a116f48abd239c
5T2A,eukarya,205,101.95,0.710,75.97,2.844,2.762,4.759,/Users/rtviii/.npet2/runs/5T2A/001_20260515_162138_00e989ad360a07a2
5T5H,eukarya,320,159.40,1.002,122.37,2.851,2.834,5.917,/Users/rtviii/.npet2/runs/5T5H/001_20260515_162226_2cd96864ece6ae67
5V7Q,bacteria,246,122.12,1.118,0.00,3.122,3.090,5.562,/Users/rtviii/.npet2/runs/5V7Q/001_20260515_162006_86e7ae23ab4c2c46
5VP2,bacteria,226,112.04,1.087,104.99,3.913,4.066,6.513,/Users/rtviii/.npet2/runs/5VP2/001_20260515_162052_b31987c49803af3b
5XXB,eukarya,215,106.70,1.000,1.00,2.817,2.599,5.311,/Users/rtviii/.npet2/runs/5XXB/001_20260515_162229_e89205e4897118ef
5XY3,eukarya,230,114.02,0.745,3.48,2.657,2.328,5.556,/Users/rtviii/.npet2/runs/5XY3/001_20260515_162239_25c6f44c6f08f2a1
9RHU,bacteria,222,110.11,1.410,2.98,3.447,3.621,4.960,/Users/rtviii/.npet2/runs/9RHU/007_20260515_143652_007c4c36486fe767
