pdb_id,kingdom,n_points,total_length_A,min_cross_section_radius_A,min_arc_length_A,mean_cross_section_radius_A,median_cross_section_radius_A,max_cross_section_radius_A,run_dir
3J79,eukarya,237,117.55,0.250,2.96,2.369,2.125,5.625,/Users/rtviii/.npet2/runs/3J79/001_20260515_162145_4bf1e3f39155e113
3J7Z,bacteria,294,146.35,0.000,135.34,3.742,3.875,8.375,/Users/rtviii/.npet2/runs/3J7Z/002_20260515_162049_5ced399090ee4e04
3J9M,organellar,228,112.93,1.125,0.00,3.646,3.000,8.000,/Users/rtviii/.npet2/runs/3J9M/001_20260515_162313_79bddcf9931358fc
4UG0,eukarya,217,107.56,0.000,103.07,3.294,3.500,7.000,/Users/rtviii/.npet2/runs/4UG0/001_20260515_162255_8d161f9253dc9715
4V6U,archaea,263,130.37,0.750,121.39,3.302,3.375,6.125,/Users/rtviii/.npet2/runs/4V6U/001_20260515_162114_422b0c1217aa4309
4V7E,eukarya,144,71.23,0.625,0.00,2.849,2.625,5.875,/Users/rtviii/.npet2/runs/4V7E/001_20260515_162205_243be961df2b429f
4V9F,archaea,210,104.02,0.625,100.03,3.358,3.500,6.000,/Users/rtviii/.npet2/runs/4V9F/001_20260515_162054_87cada94983ca051
4Y4P,bacteria,224,110.92,0.125,103.45,4.004,4.250,8.625,/Users/rtviii/.npet2/runs/4Y4P/001_20260515_162009_bffaea9ab227b630
5AFI,bacteria,240,119.37,1.000,1.03,3.199,3.125,6.625,/Users/rtviii/.npet2/runs/5AFI/003_20260515_161912_182305f9541f95b5
5GAK,eukarya,214,106.45,0.625,1.53,3.193,3.125,6.000,/Users/rtviii/.npet2/runs/5GAK/001_20260515_162155_010398f170a0b2b6
5JVG,bacteria,251,124.93,1.125,3.51,3.765,3.875,8.125,/Users/rtviii/.npet2/runs/5JVG/001_20260515_161914_7200e3a289466e83
5MYJ,bacteria,248,123.12,1.000,1.99,3.330,3.500,5.625,/Users/rtviii/.npet2/runs/5MYJ/001_20260515_161913_c6adcf442fb99a39
5NJT,bacteria,231,114.79,0.625,10.42,3.426,3.625,7.125,/Users/rtviii/.npet2/runs/5NJT/001_20260515_161914_f89ccd55105e1d6f
5NRG,bacteria,230,114.32,1.000,0.00,4.047,4.375,7.000,/Users/rtviii/.npet2/runs/5NRG/001_20260515_162007_4b93ec5e6d717766
5NWY,bacteria,226,111.93,0.875,104.95,3.860,3.875,7.500,/Users/rtviii/.npet2/runs/5NWY/005_20260515_161617_c802483c8f4bf62f
5O60,bacteria,227,112.68,0.875,112.18,3.935,3.875,9.000,/Users/rtviii/.npet2/runs/5O60/001_20260515_162006_77a116f48abd239c
5T2A,eukarya,205,101.95,0.500,75.97,2.835,2.750,7.375,/Users/rtviii/.npet2/runs/5T2A/001_20260515_162138_00e989ad360a07a2
5T5H,eukarya,320,159.40,0.250,122.37,2.866,2.625,7.250,/Users/rtviii/.npet2/runs/5T5H/001_20260515_162226_2cd96864ece6ae67
5V7Q,bacteria,246,122.12,0.500,0.00,2.971,3.000,6.250,/Users/rtviii/.npet2/runs/5V7Q/001_20260515_162006_86e7ae23ab4c2c46
5VP2,bacteria,226,112.04,0.375,103.99,3.951,4.125,8.875,/Users/rtviii/.npet2/runs/5VP2/001_20260515_162052_b31987c49803af3b
5XXB,eukarya,215,106.70,0.500,1.50,2.918,2.500,8.125,/Users/rtviii/.npet2/runs/5XXB/001_20260515_162229_e89205e4897118ef
5XY3,eukarya,230,114.02,0.500,2.98,2.691,2.375,6.000,/Users/rtviii/.npet2/runs/5XY3/001_20260515_162239_25c6f44c6f08f2a1
9RHU,bacteria,222,110.11,0.625,0.50,3.273,3.500,6.625,/Users/rtviii/.npet2/runs/9RHU/007_20260515_143652_007c4c36486fe767
